{
  "logistic_regression": {
    "model": "Logistic Regression",
    "roc_auc": 0.9410535154500131,
    "accuracy": 0.8632862294760467,
    "precision": 0.6832647193360779,
    "recall": 0.8799124800134646,
    "f1": 0.7692194511881115
  },
  "lightgbm": {
    "model": "LightGBM",
    "roc_auc": 0.949155421195144,
    "accuracy": 0.8879204209929944,
    "precision": 0.788839840569151,
    "recall": 0.774467727004965,
    "f1": 0.7815877194844901
  },
  "best_model": "LightGBM",
  "model_version": "v1",
  "training_table": "amex-46887.amex_risk.model_dataset_v2",
  "n_features": 62
}