{
  "logistic_regression": {
    "roc_auc": 0.9419294851304871,
    "accuracy": 0.8781909503938637,
    "precision": 0.7896796170134414,
    "recall": 0.7218295043339225,
    "f1": 0.7542316992745658
  },
  "lightgbm": {
    "roc_auc": 0.9477833507055811,
    "accuracy": 0.8853273482017368,
    "precision": 0.7847404412713431,
    "recall": 0.7677354203483969,
    "f1": 0.7761447986898355
  }
}